Nom AF;Nom dans Graphique;Moyenne;Mediane;10,00 %;1,00 %;;Framerate
Framerate;FPS;1;0;1;1;;GPU usage
GPU usage;Utilisation GPU;1;0;1;1;;CPU usage
CPU usage;Utilisation CPU;1;0;1;1;;GPU temperature
GPU temperature;Temp�rature GPU;1;0;0;0;;CPU temperature
CPU temperature;Temp�rature CPU;1;0;0;0;;Core clock
Power;TDP GPU;1;0;1;1;;Memory usage
RAM usage;Usage RAM;1;0;0;0;;Memory clock
Pagefile usage;Usage RAM + veille;1;0;0;0;;Power
;;;;;;;GPU voltage
;;;;;;;Fan speed
;;;;;;;RAM usage
;;;;;;;Pagefile usage
;;;;;;;Power limit
;;;;;;;CPU1 usage
;;;;;;;CPU2 usage
;;;;;;;CPU3 usage
;;;;;;;CPU4 usage
;;;;;;;CPU1 temperature
;;;;;;;CPU2 temperature
;;;;;;;CPU3 temperature
;;;;;;;CPU4 temperature
;;;;;;;CPU1 clock
;;;;;;;CPU2 clock
;;;;;;;CPU3 clock
;;;;;;;CPU4 clock
;;;;;;;CPU5 clock
;;;;;;;CPU6 clock
;;;;;;;CPU7 clock
;;;;;;;CPU8 clock
